-- phpMyAdmin SQL Dump
-- version 4.8.5
-- https://www.phpmyadmin.net/
--
-- Host: 127.0.0.1:3306
-- Generation Time: Jun 19, 2022 at 01:39 PM
-- Server version: 5.7.26
-- PHP Version: 7.3.5

SET SQL_MODE = "NO_AUTO_VALUE_ON_ZERO";
SET AUTOCOMMIT = 0;
START TRANSACTION;
SET time_zone = "+00:00";


/*!40101 SET @OLD_CHARACTER_SET_CLIENT=@@CHARACTER_SET_CLIENT */;
/*!40101 SET @OLD_CHARACTER_SET_RESULTS=@@CHARACTER_SET_RESULTS */;
/*!40101 SET @OLD_COLLATION_CONNECTION=@@COLLATION_CONNECTION */;
/*!40101 SET NAMES utf8mb4 */;

--
-- Database: `edoc`
--

-- --------------------------------------------------------

--
-- Table structure for table `admin`
--

DROP TABLE IF EXISTS `admin`;
CREATE TABLE IF NOT EXISTS `admin` (
  `aemail` varchar(255) NOT NULL,
  `apassword` varchar(255) DEFAULT NULL,
  PRIMARY KEY (`aemail`)
) ENGINE=MyISAM DEFAULT CHARSET=latin1;

--
-- Dumping data for table `admin`
--

INSERT INTO `admin` (`aemail`, `apassword`) VALUES
('admin@pedulianak.com', '123');

-- --------------------------------------------------------

--
-- Table structure for table `appointment`
--

DROP TABLE IF EXISTS `appointment`;
CREATE TABLE IF NOT EXISTS `appointment` (
  `appoid` int(11) NOT NULL AUTO_INCREMENT,
  `pid` int(10) DEFAULT NULL,
  `apponum` int(3) DEFAULT NULL,
  `scheduleid` int(10) DEFAULT NULL,
  `appodate` date DEFAULT NULL,
  PRIMARY KEY (`appoid`),
  KEY `pid` (`pid`),
  KEY `scheduleid` (`scheduleid`)
) ENGINE=MyISAM AUTO_INCREMENT=2 DEFAULT CHARSET=latin1;


-- --------------------------------------------------------

--
-- Table structure for table `doctor`
--

DROP TABLE IF EXISTS `doctor`;
CREATE TABLE IF NOT EXISTS `doctor` (
  `docid` int(11) NOT NULL AUTO_INCREMENT,
  `docemail` varchar(255) DEFAULT NULL,
  `docname` varchar(255) DEFAULT NULL,
  `docpassword` varchar(255) DEFAULT NULL,
  `doctel` varchar(15) DEFAULT NULL,
  `specialties` int(2) DEFAULT NULL,
  PRIMARY KEY (`docid`),
  KEY `specialties` (`specialties`)
) ENGINE=MyISAM AUTO_INCREMENT=2 DEFAULT CHARSET=latin1;

INSERT INTO `doctor` (`docid`, `docemail`, `docname`, `docpassword`, `doctel`, `specialties`) VALUES
(1, 'handaya@pedulianak.com', 'Handaya Riawan', '123', '011111111111', 7),
(2, 'stanley@pedulianak.com', 'Stanley Saputra', '123', '022222222222', 13),
(3, 'christopher@pedulianak.com', 'Christopher William Teng', '123', '033333333333', 14),
(4, 'timotius@pedulianak.com', 'Timotius Rosevalt', '123', '044444444444', 9),
(5, 'norbert@pedulianak.com', 'Norbert Wijaya', '123', '055555555555', 12);
-- --------------------------------------------------------

--
-- Table structure for table `patient`
--

DROP TABLE IF EXISTS `patient`;
CREATE TABLE IF NOT EXISTS `patient` (
  `pid` int(11) NOT NULL AUTO_INCREMENT,
  `pemail` varchar(255) DEFAULT NULL,
  `pname` varchar(255) DEFAULT NULL,
  `ppassword` varchar(255) DEFAULT NULL,
  `paddress` varchar(255) DEFAULT NULL,
  `pdob` date DEFAULT NULL,
  `ptel` varchar(15) DEFAULT NULL,
  PRIMARY KEY (`pid`)
) ENGINE=MyISAM AUTO_INCREMENT=3 DEFAULT CHARSET=latin1;



-- --------------------------------------------------------

--
-- Table structure for table `schedule`
--

DROP TABLE IF EXISTS `schedule`;
CREATE TABLE IF NOT EXISTS `schedule` (
  `scheduleid` int(11) NOT NULL AUTO_INCREMENT,
  `docid` varchar(255) DEFAULT NULL,
  `title` varchar(255) DEFAULT NULL,
  `scheduledate` date DEFAULT NULL,
  `scheduletime` time DEFAULT NULL,
  `nop` int(4) DEFAULT NULL,
  PRIMARY KEY (`scheduleid`),
  KEY `docid` (`docid`)
) ENGINE=MyISAM AUTO_INCREMENT=9 DEFAULT CHARSET=latin1;



-- --------------------------------------------------------

--
-- Table structure for table `specialties`
--

DROP TABLE IF EXISTS `specialties`;
CREATE TABLE IF NOT EXISTS `specialties` (
  `id` int(2) NOT NULL,
  `sname` varchar(50) DEFAULT NULL,
  PRIMARY KEY (`id`)
) ENGINE=MyISAM DEFAULT CHARSET=latin1;

--
-- Dumping data for table `specialties`
--

INSERT INTO `specialties` (`id`, `sname`) VALUES
(1, 'Respirologi'),
(2, 'Endokrinologi'),
(3, 'Gastro Hepatologi'),
(4, 'Hemato Ongkologi'),
(5, 'Infeksi dan Pediatrik Tropis'),
(6, 'Pediatrik Gawat Darurat'),
(7, 'Kardiologi'),
(8, 'Nefrologi'),
(9, 'Nutrisi dan Penyakit Metabolik'),
(10, 'Radiologi'),
(11, 'Neurologi'),
(12, 'Perinatologi'),
(13, 'Alergi Imunologi'),
(14, 'Tumbuh Kembang');

-- --------------------------------------------------------

--
-- Table structure for table `webuser`
--

DROP TABLE IF EXISTS `webuser`;
CREATE TABLE IF NOT EXISTS `webuser` (
  `email` varchar(255) NOT NULL,
  `usertype` char(1) DEFAULT NULL,
  PRIMARY KEY (`email`)
) ENGINE=MyISAM DEFAULT CHARSET=latin1;

--
-- Dumping data for table `webuser`
--

INSERT INTO `webuser` (`email`, `usertype`) VALUES
('admin@pedulianak.com', 'a'),
('handaya@pedulianak.com', 'd'),
('stanley@pedulianak.com', 'd'),
('christopher@pedulianak.com', 'd'),
('timotius@pedulianak.com', 'd'),
('norbert@pedulianak.com', 'd');
COMMIT;
